"","pH.std","EC.std","Bulk_density_g_cm3.std","A_phosphorus_ppm_105.std","Phosphatase_activity_µmol_g_h.std","NH4_mgL_105.std","NO3_mgL_105.std","SOM_per_corregido.std","MBC_mg_kg_105.std","Nematode_g_105.std","Ntotal_g_100g_105.std","Nitrogen_stock_Mg_ha.std","Ctotal_g_100g_105.std","Carbon_stock_Mg_ha.std","Al_g_kg.std","Ca_g_kg.std","Cu_mg_Kg_105.std","K_g_kg.std","Mg_g_kg.std","Na_g_kg.std","Zn_mg_Kg_105.std","Fe_g_Kg.std","Ergosterol_µg_g.std","C_N_ratio.std","mf_eff_1"
"1",0.654014598540146,0.231458333333333,0.798912501247132,0.146151002763178,0.313638548260081,0.0329715160685807,0.169478272688964,0.282603893546934,0.118816410729633,0.164313861327928,0.306307526251764,0.300490966794609,0.153173658768354,0.155582935572728,0.349583154990602,0.369956674535401,0.267845617962381,0.736011035302179,0.820332298579654,1,0.393882450538198,0.250516964157621,0.0972447093411958,0.329177169228507,6.6800516597108
"2",0.69051094890511,0.337916666666667,0.775765738800758,0.275597360373098,0.374868883670773,0.834260168225331,0.0707210528667572,0.401137021535075,0.165306185201991,0.33369910367534,0.581620310105713,0.554044560027807,0.282873056000491,0.278997836865836,0.265150114783765,0.293218776097223,0.0980441140302656,0.752097952129238,0.658844689466445,0.752947186700119,0,0.34944608175297,0.178613046460522,0.320151327268444,7.94647569448867
"3",0.604379562043796,0.246041666666667,0.809089095081313,0.168955707311565,0.425700633657837,0.184938300068383,0.0993128201240506,0.430756843800325,0.185631794123097,0.0682379494607904,0.365421583642744,0.363048861568249,0.204816110928824,0.210687670651018,0.266486931017752,0.215348455816057,0.330291792556857,0.700364265783392,0.659829318576936,0.754072449953417,0.0352620596706232,0.358261893693379,0.113208398805155,0.368954836694854,6.6794892818096
"4",0.78978102189781,0.420833333333333,0.765589144966577,0.270983691822846,0.0190712591790743,0.358580451938735,0.262503581954975,0.517885354739143,0.193857235046097,0.370563421236051,0.444983434382061,0.418325315005298,0.246921540967185,0.240344066038142,0.395133331655669,0.701317651935183,0.28282243079642,0.710076372656866,0.72693982805505,0.900445667286739,0.247301354363901,0.360117706663229,0.075634564352834,0.36527371610624,8.62106907141897
"5",0.68029197080292,0.366458333333333,0.703631647211414,0.229592493972016,0.168625157545971,0.0588692433998646,0.294461614277924,0.274848583171098,0.0573435413538136,0.318316775568672,0.31197007626213,0.269545967882226,0.147171110880633,0.13165779913562,0.277991344369187,0.349847217327438,0.138231999755118,0.813385902816172,0.807141197174448,0.948270538959497,0.345593538934977,0.205378187641619,0.134213589631186,0.310536688068263,6.63517498240644
"6",0.908029197080292,0.201666666666667,0.919734610396089,0.268246482814535,0.043520419731244,0.479808285177208,0.0228861569277257,0.227905121860583,0.0592129519142536,0.248931527293035,0.245648615507397,0.277428699792335,0.129175266657521,0.151049939199893,0.563315938841081,0.501677154914809,0.324863660857479,0.976812645299672,0.615490496467096,0.842311318465033,0.44270156290987,0.465104529440289,0.0122662695809993,0.346153186528075,6.95942519186878
"7",0.762043795620438,0.150416666666667,0.780205527287239,0.178973959020683,0.0121993379904319,0.154541676066949,0.00830144087751809,0.163283280140914,0.0642326804674181,0.00458465211522522,0.151046823062725,0.144708870609557,0.0864088033538759,0.0857127978978004,0.472434433326163,0.368778616968195,0.307066946013743,0.956387790781937,0.630812651965673,0.897134118983481,0.439544145089412,0.371583914638102,0.0147427180858072,0.376573438057463,4.96994005933778
"8",0.846715328467153,0.775,0.830689414347002,0.300105751138821,0.0484516225736245,0.0228210791727206,0.75330438588888,0.325460726426908,0.20272515268915,0.419500181309275,0.222577321843028,0.22703568534947,0.104718620194411,0.110596464988731,0.622084079511168,0.486130400101355,0.596811367552634,0.697285682318241,0.743645370933728,0.728185979419929,0.447851555214371,0.385235169664468,0.0591869198982511,0.309703623524411,8.20551433924227
"9",0.817518248175182,1,0.276563903023047,0.323606011796911,0.0567325015694445,0.0406671963284432,1,0.295519230049054,0,0.413088997287637,0.572952440520101,0.194575701699445,0.236961026984509,0.0833203484240578,0.603829116875155,0.690576314658039,0.553132361006275,0.822589279248425,0.598995206529459,0.782342203928356,0.0537195953782991,0.545459898108168,0.0304627550300257,0.272246081547988,7.56493574601661
"10",0.797080291970803,0.206875,0.388157238351791,0.201383206264763,0.335827174956003,0.271867653591998,0.0569462906291897,0.174700588738105,0.0361069354861344,0.235147682056871,0.155642390533092,0.0741839779931385,0.0747005130689114,0.0368646345017568,0.745397919201521,0.352228420393594,0.761468932297342,0.739671609890203,0.541756619908098,0.703481472544178,0.523169566835105,0.618272669217031,0.0551151947602165,0.315935901583708,6.30048407303414
"11",0.865693430656934,0.149375,0.565299810435997,0.106469674266483,0.328957738259916,0.20942802841363,0.0145523177782013,0.237603212152525,0.0750585204062877,0.16887069018899,0.206556685703357,0.143381339196964,0.125260638772752,0.0900268636121539,0.541720627028615,0.295555470932078,0.409722152818409,0.585193445517353,0.332047550054892,0.758947511186492,0.704463548090945,0.763353313663841,0.0373145185482541,0.399189080927717,6.13518092758445
"12",0.931386861313869,0.292708333333333,0.288835677940736,0.401986194988572,0.0614955639051338,0.416165989444511,0.144662954482886,0.386937049709312,0.176840316443114,0.436194420734224,0.35044362452311,0.124292103276496,0.212670556969375,0.0780974519472747,0.403458831262412,0.542463360114264,0.216781439302232,0.704151484117104,0.389272084510721,0.85721504095369,0.515033103391628,0.664694282869944,0.084540831419337,0.399477656001564,7.52643476804057
"13",0.918248175182482,0.187083333333333,0.263743390202534,0.40928920517733,0.0836742079312953,0.363538785845623,0.0537380135522008,0.238183195983708,0.190213400419531,0.516210109792067,0.213691711476455,0.0692060078760194,0.136623604456981,0.0458127098854607,0.629651377455556,0.449216024612996,0.394877987342729,0.870102412057465,0.517219137538069,0.702147215864014,0.571419024536077,0.660681085883058,0.09057907413598,0.42086358415801,7.07891802906101
"14",0.970802919708029,0.129166666666667,0.310884964581463,0.106011485433864,0.171865795005566,0.128177986122507,0.00267170721498631,0.223662207357862,0.0547729362332916,0.0153933458388128,0.177838571121254,0.0678891255882177,0.125429068352013,0.0495765810851618,0.428654943823623,0.332281740128862,0.250630633466666,0.778410345474338,0.399973277640619,0.803064218310785,0.723882923236782,0.688008826252204,0.043722742992946,0.464275241001388,4.98880242507433
"15",0.760583941605839,0.174583333333333,0.399580963783298,0.232789593980608,0.251601163361658,0.0845762812176809,0.0787651935434001,0.143585614600105,0.0757522399247786,0.280011044785291,0.140593173276871,0.0689832354026177,0.0801366736483428,0.0407112802640468,0.621241154439134,0.427633676841386,0.660912398162835,0.852828308929443,0.666835295984429,0.748709279470783,0.436155636255974,0.438890140657543,0.0633715336972516,0.375206511001128,6.04263392871395
"16",1,0.260625,0.292527187468822,0.4593838304585,0.050060320188521,0.478686348067117,0.0322844404510971,0.329209603056519,0.127981182735544,0.200375032447665,0.308759211623816,0.110907443611765,0.173169534022209,0.0644045251161436,0.503703539666562,0.756434450962634,0.185276927733793,0.733151543004248,0.38522559802358,0.79689190279952,0.641259800441868,0.735952262664886,0.0436493787343867,0.369194185712245,6.89475062046345
"17",0.945985401459854,0.252083333333333,0.314027736206725,0.52082662100985,0.00605596031135148,0.437375685580119,0.094832850908941,0.257958033139539,0.137987872346358,0.647532230851645,0.282935403855008,0.109101278239956,0.148365383430522,0.0592351169337943,0.700897231900131,0.638835545849509,0.546954769235853,0.810150781893294,0.617512151053287,0.745657053588754,0.360394512597616,0.506085681064484,0.0345562630659658,0.34518234662936,7.4137169902367
"18",0.921167883211679,0.4875,0.376833283448069,0.434581155744517,0.0852192147686211,0.0550860054388483,0.397382919134878,0.452424693086049,0.122140520463783,0.29016147807417,0.218176470410705,0.100955899386369,0.21357588121977,0.102324615128696,0.513132708094821,0.613289068779838,0.444362232061355,0.854638664910512,0.321485803268861,0.762022030848025,0.775304051665638,0.823272517066573,0.119433849127362,0.644388206259087,8.19883430179175
"19",0.74014598540146,0.132708333333333,0.398832684824903,0.277079978387275,0.0179745626125268,0.0883461719967058,0.00370702604050139,0.187285584261015,0.0673593396273729,0.0730455920915679,0.112975729230701,0.0553286955711762,0.0786046903571591,0.0398582164904856,0.52529576145713,0.367214960412164,0.555083862337676,0.874058701630644,0.546712656769656,0.89333018463848,0.53914030571698,0.584956036220978,0.0248502874354712,0.458001178897972,5.07621652553453
"20",0.905109489051095,0.365625,0.253217599521101,0.611031391726222,0.0573089877542413,0.486927200162545,0.0152164066623533,0.773033903468691,0.370293079263039,1,0.561747579222535,0.174666506103129,0.423315197927847,0.136281343608914,0.716165859857678,1,0.501167462835606,0.635287183984974,0.495648298232156,0.704905010979971,0.558494993813729,0.622326157376784,0.181995141801693,0.496050554242946,10.1680336623251
"21",0.818978102189781,0.179375,0.297266287538661,0.33129446884054,0.00536804482407968,0.0717330937806108,0.00115751913075067,0.174294676682209,0.0445021045886759,0.0106507186933724,0.113466025115736,0.0414177055843598,0.0804064011267789,0.0303888973371266,0.685318436762705,0.350023577612002,0.716305098913989,0.721915749679718,0.550068983639013,0.699077892489538,0.580843921111833,0.529408177303771,0.0238093661957667,0.466474675147478,4.8209349176037
"22",0.872992700729927,0.233541666666667,0.35817619475207,0.47518333813813,0.203143248231514,0.199111718049227,0.0649198625812128,0.453513809133174,0.213012371799174,0.261454241767886,0.284904269853345,0.125305522667505,0.247774017174656,0.112831701865544,0.702928859076941,0.659111844335022,0.673887264593711,0.745854454017754,0.536701162268155,0.696916862802012,0.502564990631254,0.57003161516757,0.176747922132501,0.572479700911431,8.44297947651902
"23",0.795620437956204,0.121458333333333,0.391200239449267,0.123827374143456,0.163739835485882,0.0975398282031355,0.0201619971200354,0.1999361954243,0.051893304931931,0.467928577849526,0.108240774506415,0.051995353977293,0.0951339789794871,0.0473165892786921,0.585278084179683,0.503591145222442,0.613030549194841,0.788615126301848,0.581934116610221,0.775893428973193,0.500650271834784,0.459861391416172,0.0620914922899072,0.578559538791713,5.88918889802161
"24",0.798540145985401,0.088125,0.499301606305497,0.077682592221698,0.0343284444456696,0.0225739947576101,0.00067865244706955,0.0930043185477995,0.0384658475644325,0.0384309539782579,0.0423734375099072,0.0259795244126592,0.0393462692051181,0.0249772822016888,0.596196905294188,0.384784716243263,0.616316577253184,0.831125915996976,0.590544323033637,0.790461166059857,0.533530200645735,0.430716490414905,0.0111816751367138,0.611241946055243,4.18702854745111
"25",0.845255474452555,0.497916666666667,0.777661378828694,1,0.0646218340159844,0.451677906383277,0.260199540108535,0.335398458531549,0.113463244741202,0.150390811494445,0.209169055658884,0.199738830546178,0.137109533601032,0.135561648969778,0.937134446998328,0.293297886574213,0.868402429049266,0.607119998969301,0.364815996825712,0.55231024345388,0.802599760632497,0.889503436772591,0.0445276335338355,0.431492752689005,8.65218205209853
"26",0.874452554744526,0.403125,0.931258106355383,0.874832310982431,0.245116154008955,0.0387361258950429,0.391085714445347,0.328115564613524,0.192529211269526,0.579101452875891,0.291589877572568,0.333439499817745,0.195955989192135,0.232010300389344,0.849149033133179,0.529409228113658,0.642525698791043,0.714694657620967,0.472043736583056,0.704901633539784,0.614419036492267,0.734030004394565,0.111043109953633,0.442373788366775,10.0751282233612
"27",0.691970802919708,0.175416666666667,0.960141674149456,0.45242905919315,0.0298400173110239,0.135448716373593,0.0129209514242921,0.232754167006556,0.0762259710058124,0.0146757162197596,0.193557965533522,0.228202766470057,0.121732319563135,0.148600364979492,0.805083556836237,0.253966814914462,0.663092224293325,0.672516321813368,0.41152494875702,0.702318961788246,0.697879196000111,0.753017333829868,0.0484610814320999,0.413997898580769,6.3527830336856
"28",0.754744525547445,0.2025,0.924224284146463,0.133995120230229,0.269618532380001,0.0701846419886178,0.0783120127922987,0.256971577945893,0.128220052046402,0.152890161142325,0.177851995459469,0.201841587741353,0.13071527464709,0.153596872796768,0.800231573660923,0.370419631840426,0.532557287125467,0.684294061866168,0.481081611003691,0.750938536868418,0.636491107404493,0.666405086503698,0.053968881011484,0.483805593813288,7.02562044288284
"29",0.71970802919708,0.194375,0.765389603911005,0.544962140019925,0.057468176011349,0.0250204854796055,0.110969446939245,0.154375285061385,0.123172243990353,0.0388758389914657,0.134303419538164,0.126224647226588,0.0673211231852915,0.0655107498593218,0.268270758493201,0.31275664940436,0.277739397491994,0.897210845625034,1,0.803117871321743,0.133708279331004,0,0.0222553643967494,0.329964767992648,4.43825997134622
"30",0.724087591240876,0.130625,0.950064850843061,0.426707999437911,0.140065770970022,0.0172595336407957,0.0462623682545064,0.108511265995501,0.0393421123616346,0.102533171403054,0.0817529352575082,0.0953742512697853,0.0424380206928624,0.0512609947419017,0.420516290060494,0.253053782796707,0.410188828344357,0.801490445179053,0.878668889701137,0.849749937153323,0.307232068842053,0.195636610053657,0.0130223670201497,0.341707926891904,4.71018632716541
"31",0.718248175182482,0.250208333333333,0.847550633542851,0.220465555885056,0.380764945110957,0.041179286416478,0.262253215514085,0.225168350168351,0.104998499137561,0.340873044761503,0.226357409548362,0.235578094225217,0.124579987426952,0.134243292090056,0.468712249715384,0.393433403525926,0.317838320175603,0.730302784612047,0.698534323986023,0.858742375025822,0.480262706408299,0.358114772513048,0.04489221279242,0.362290424365915,7.15539886327138
"32",0.913868613138686,0.114375,0.322458345804649,0.373326444538126,0.0438995624833343,0.172863597802032,0.0025737416327691,0.212902807855332,0.113791816904261,0.53602716922026,0.113695450218825,0.0450185231371813,0.0890504576055484,0.0365080331047292,0.638855562859007,0.564250660665766,0.536196035834865,0.89306285031697,0.65577764903463,0.749442082232325,0.439352898612971,0.376057038038636,0.0339037473125569,0.515580350808482,6.00280055822607
"33",0.672992700729927,0.435416666666667,0.755711862715754,0.601314832724551,0.311077638850835,0.285198738961869,0.410412301628837,0.535704874835312,0.155323360020712,0.434350456864503,0.481694195283177,0.446994509301369,0.294172921223715,0.282642581570245,0.843780978161257,0.309849519335903,0.785484431721246,0.418292285770758,0.248647483660683,0.530435162871919,0.872988121934902,0.90247461822875,0.124729919934095,0.402007882071106,10.3821026353366
"34",0.697810218978102,0.10875,0.7962685822608,0.191880552393754,0.227760820192715,0.188229579431113,0.0256856319571907,0.247561404482945,0.106742263053653,0.262111063486589,0.281114690359449,0.274863870598317,0.15691524058176,0.158855906016747,0.403110330236363,0.314882780932686,0.450060952058023,0.637630672149267,0.544855408697776,0.859113590538875,0.51216598250536,0.492498213396266,0.0659420898474585,0.367438681121456,6.77293598762953
"35",0.826277372262774,0.820833333333333,0.818766836276564,0.776007522582409,0.13805294115133,0.0680576658309561,0.776453636739729,0.612934639399671,0.107982561908327,0.320274382393799,0.506120471153552,0.508848716266049,0.251266003732977,0.261560786406378,0.628002396278492,0.638457464665933,0.499850068504538,0.686833073165051,0.588399880418424,0.717270161661555,0.375940421751392,0.53933936308176,0.0410307605547983,0.326800804374338,10.1553406396537
"36",0.808759124087591,0.298125,0.737154544547541,0.379139637255631,0.162786828911826,0.425689509266963,0.13128675656508,0.315888352120236,0.227063135695007,0.304425530699254,0.207102565284433,0.1874642944691,0.116486269036469,0.109172169566303,0.748493636732908,0.200167852635162,0.974108650623643,0.608003216500356,0.313229158139829,0.514004674310065,0.796111209138504,0.803452372888012,0.0349441005407899,0.370247849717111,7.86761980734483
"37",0.708029197080292,0.23375,0.8888057467824,0.220256576345051,0.194034835318679,0.0432525163372514,0.077446246221354,0.238498139505262,0.0788923944445509,0.0808356003870636,0.255483956837933,0.278833547257669,0.140061595453991,0.15827217899434,0.318748519325725,0.430785419589598,0.425802890262083,0.74015959721433,0.624609649904713,0.804509238816451,0.345294958734826,0.365693051230622,0.0340821179358449,0.360876600756127,6.19773174982731
"38",0.664233576642336,0.315,0.708470517809039,0.179570905110887,0.190410648343573,0.577302699275022,0.00611760262871129,0.35512777962164,0.0473579703500471,0.0890981526802112,0.260771077092159,0.226858856775671,0.228766437810317,0.206059551581285,0.414499238178538,0.138743181535245,0.774056539637931,0.655554377891397,0.357873358447165,0.763444738634447,0.752572312564686,0.675306008933036,0.0363192888903163,0.577478974799269,7.1760139333549
"39",0.581021897810219,0.377708333333333,0.758555322757657,0.123401006607961,0.498355487517248,0.0592319870688935,0.178514400422784,0.276915113871633,0.198163644389625,0.398217109939078,0.218019019562485,0.203074867471188,0.134124449778956,0.129352215598326,0.469947201077378,0.158186609427581,0.473266923360341,0.600608227501912,0.285617936575761,0.761629448628628,0.814340411027772,0.760124462149178,0.135857963155708,0.404964411637976,7.42000753488038
"40",0.661313868613139,0.22375,0.696647710266387,0.121287440380004,0.261550415220637,0.072204934379626,0.0820789277972365,0.28082490369303,0.128219002803928,0.572654706749709,0.305408111958505,0.261257230229741,0.176394514963648,0.156234502534873,0.362599310003596,0.0987007315354923,0.733033788852191,0.706196026559878,0.380184888474151,0.658971235480001,0.673523253757114,0.638781199260125,0.053859325509693,0.380196221336494,6.95684061750347
"41",0.671532846715328,0.6625,0.800409059163923,0.314890106860827,0.379663988548391,0.0517578969922015,0.56837261451198,0.471329131693337,0.249727623748063,0.734615089465023,0.491416990965159,0.482988399389646,0.326782201428185,0.332543947606725,0.637062003705969,0.198053545127623,0.846442864851211,0.681791887877335,0.250320501633448,0.559432952299829,0.889903255457919,0.845503956220932,0.156360553604505,0.437735242729796,10.6824456328866
"42",0.854014598540146,0.23625,0.698443579766537,0.592863384143262,0.135091729375049,0.288600062286809,0.015752926989176,0.408853953437597,0.106521892452196,0.0694305572957781,0.49604422482124,0.425428189385738,0.284850920917126,0.252945883412233,0.794391834610187,0.236359162848218,0.90905424609348,0.490894442033296,0.251681580128478,0.560251560818884,0.881619142059178,0.8952579253097,0.0536378268755303,0.378007588192816,8.16935461778163
"43",0.656934306569343,0.275625,0.802903322358575,0.0995482210261721,0.400352873648046,0.0656481017705075,0.146929188530481,0.345244817294507,0.138623399121325,0.339473344590695,0.435255834902246,0.429123593430423,0.275309508060502,0.281036756024214,0,0.117539923078327,0.419521328270201,0.634708657275046,0.43624491823169,0.553349567987039,0.526752178947815,0.421849969069558,0.123448612072137,0.416370446752841,6.89606107586831
"44",0.697810218978102,0.165416666666667,0.763094881771924,0.25666543490709,0.366095944397006,0.165560929833474,0.0128499474293673,0.379789430984253,0.104349083458158,0.2027524993223,0.323731314445234,0.303345661076186,0.212940223555361,0.20659266821376,0.533081329351365,0.0991252751529308,0.749641981970021,0.722615369084032,0.274433258729509,0.559989423977269,0.874634002048082,0.780254698436126,0.107716219817526,0.432988421376959,7.43646809351601
"45",0.664233576642336,0.271458333333333,0.815175097276265,0.281160724403605,0.371671640956427,0.0194689917619697,0.132052950130202,0.503356311856561,0.274486111337148,0.167202360689537,0.459736006775064,0.46018659030391,0.309894158073977,0.321175901381801,0.486943105549195,0.140982615997299,0.536762990261958,0.570973363061963,0.363649742721257,0.517178262893429,0.655894995276809,0.660875962260569,0.380830678511109,0.443719135236752,8.67426528943678
"46",0.636496350364964,0.114166666666667,0.83902025341714,0.13380444068171,0.348928819085445,0.253090870568857,0.00693113024687054,0.308967906938374,0.0841703902368702,0.043575060854125,0.428918536848998,0.441897756279528,0.262778753491651,0.280311781250465,0.538583539152551,0.118636565932847,0.751714327189773,0.627283996056371,0.499817102108142,0.609286142912499,0.670833252970272,0.576278962911016,0.0699325932408223,0.403291176483599,7.16965394111615
"47",0.686131386861314,0.246041666666667,0.628255013469021,0.436666083626335,0.373885511639917,0.42986159690852,0.125055439713793,0.389177997873649,0.191173889495477,0.700255975646421,0.506563067185042,0.390790521784283,0.296215326493166,0.236604035127477,0.584538404235921,0.35888326140572,0.638418095142594,0.686356746392077,0.551992319141927,0.66557467452502,0.618914479918049,0.570036566961144,0.125866190245033,0.384926039027156,9.90900393728295
"48",0.648175182481752,0.242916666666667,0.74304100568692,0.459170098573778,0.0626814669819273,0.255874854669642,0.188421651334109,0.443206463563339,0.14082013208195,0.382441747803305,0.484668109031627,0.442213260889806,0.265834667708924,0.251132579154209,0.491067034140543,0.300793883144745,0.686506475055858,0.649707696541964,0.518968146070543,0.772399063610256,0.654882802579398,0.523280918347329,0.0418370217035204,0.361052586589046,8.71098080902733
"49",0.62043795620438,0.214375,0.7697296218697,0.500621301893749,0.241819100923373,0.697182034288951,0.0104949319309043,0.412532515793386,0.226634077434539,0.260583788361204,0.536739161165499,0.507313032574802,0.291361225574417,0.285133742031665,0.575892977381852,0.225706833202766,0.734260147436824,0.650951921129374,0.493976761609726,0.579585411756398,0.602900822279654,0.600437485087988,0.138822222837737,0.357331876517931,9.28350985284226
"50",0.624817518248175,0.275,0.757258305896438,0.305868277505785,0.032690048514189,0.0722088247189603,0.203690309985558,0.367837304818253,0.0818644491435096,0.147421749650911,0.382847502496031,0.355995411203048,0.226195117450833,0.217773950840594,0.207238667957212,0.198861881746855,0.744704256977724,0.563767281673972,0.538590344659792,0.612781335749957,0.564460143909542,0.5348277621553,0.221110964286464,0.388920374962724,7.21715419400302
"51",0.843795620437956,0.167083333333333,0.910106754464731,0.613485819826182,0.479723455735172,0.0190598588692849,0.0816876432988389,0.192159186825422,0.135206600795577,0.136376048516993,0.149433101563364,0.166998928326004,0.0930844266082803,0.107708015414566,0.739662222245999,0.383440225919117,0.654708041340997,0.81732419268991,0.449407483603025,0.673690094010121,0.654348801476451,0.592732713848134,0.0928137260367551,0.410046873847303,7.28455471177308
"52",0.702189781021898,0.259375,0.718397685323755,0.109236360483827,0.489911860394533,0.193222271353103,0.00663877774606939,1,0.576236750528362,0.677109152174629,0.716727501031194,0.632256829546722,0.916097518961797,0.836729902363725,0.832583646182087,0.841381965147568,0.809058189673244,0.433417689789656,0.30650103350141,0.625424695219117,0.828701298914418,0.914860185286824,0.69141001631014,0.841377562160715,13.2375230966991
"53",0.738686131386861,0.302291666666667,0.786540955801656,0.693643334422571,0.625306364027846,0.419685932599412,0.00893264696698905,0.364304845789036,1,0.616821690894488,0.923512280589229,0.891945980278737,1,1,0.918505318418077,0.846630254994945,0.783193279745671,0.353766638322799,0.25477587025149,0.569390107240439,0.598230567102853,1,1,0.712788383012423,14.8176201754097
"54",0.801459854014599,0.321875,0.73436096976953,0.761967610658929,0.209961814325288,1,0.00801832786585454,0.714772345207129,0.168972475080287,0.159975120782742,0.843679994015853,0.760784881586976,0.510850256675483,0.476959892720225,0.22315389849886,0.315347467291162,0.323712895032691,0.624381170605012,0.442854067291608,0.593831883572323,0.361850937139645,0.510264362900702,0.1191237802292,0.398583349950735,9.63095188115036
"55",0.72992700729927,0.143958333333333,0.894542552130101,0.546372126578678,0.187508706319645,0.0296229069107928,0.00173384755634179,0.176677611714977,0.0789196876919578,0.197955090561544,0.133545002870113,0.146690902999502,0.107524093423351,0.122288453305482,0.726606886135955,0.255596352953246,0.72795102053733,0.384864923274602,0.343165645088911,0.555362720558001,0.636730728252383,0.730971981334091,0.160004060410887,0.530006792724812,6.33406377825022
"56",0.597080291970803,0.7375,0.814376933053976,0.600245854697011,0.397564725711829,0.180545712434741,0.776095159947874,0.861513687600646,0.445611458950558,0.507991820421433,1,1,0.738916449009528,0.765066977236034,0.367680252798513,0.298697505515298,0.182068616349226,0.651383219997573,0.373376097941402,0.649013404808668,0.469605323808825,0.649819023895794,0.916664786190785,0.486405662790737,13.36062123254
"57",0.782481751824818,0.198541666666667,0.900129701686122,0.294462979924837,0.460945258988609,0.0161801207676318,0.0642088201285454,0.237113858972655,0.118313655100747,0.165462280079633,0.235073294576068,0.259826188504169,0.200316542602133,0.229245366570235,0.906233831431773,0.356139189253148,0.699493548715152,0.560913101146492,0.345334337547388,0.609679012126443,0.737883182778836,0.850398417727411,0.125262321144633,0.560940516017723,7.85484525182495
"58",0.757664233576642,0.166875,0.905217998603212,0.510683596646157,0.0806826088735311,0.0225017584621914,0.00228199514396968,0.0844314684762883,0.0981004159128228,0.107890191058349,0.0641065292665732,0.0712574015357573,0.0432295545532793,0.0497522354870176,0.875991220985692,0.270021603080184,0.49747618729245,0.592353426683406,0.392744189225819,0.751161561063904,0.600382426754142,0.810138627023987,0.0520272578145098,0.443896564267609,5.37325162956444
"59",0.731386861313869,0.181041666666667,0.87503741394792,0.273936669484049,0.0235439686051787,0.0242633598177877,0.00143932920437872,0.0881620829322049,0.0533962629520043,0.347955935127045,0.0694227376784233,0.0745938279704271,0.0726625530319156,0.0808380695587512,1,0.18009950017179,1,0.48626334328026,0.270986104131136,0.693707683655381,0.857387803778952,0.98112282353922,0.0872733954718606,0.688988867595157,5.75801494978036
"60",0.816058394160584,0.226458333333333,0.807692307692308,0.504675137140818,0.276065329038207,0.0342930633355376,0.112947549133756,0.246838191391192,0.19793345895469,0.24070083703834,0.190377869494739,0.18881519663028,0.166920592602865,0.171409355922685,0.902920617033648,0.362629672260487,0.661329921542738,0.543938571727208,0.278877305389914,0.672522661387186,0.852373024451979,0.94600554885141,0.142159984930649,0.577160689325589,8.07134773501337
"61",0.699270072992701,0.175833333333333,0.851541454654295,0.31942020502024,0.241415342171776,0.0411824073641589,0.0289809812263414,0.142007750703402,0.161102841774396,0.222840864851841,0.112610236610338,0.117749264253505,0.101632404148603,0.110031403489354,0.810897153042952,0.17734083957068,0.968948217476633,0.583555831157387,0.400252942174442,0.740005357197687,0.533351256216266,0.714281541809235,0.104660580325437,0.594097351113265,6.56098689506554
"62",0.8,0.279583333333333,0.818816721540457,0.305592040463695,0.0278185650330661,0.103091483423049,0.0034220483328486,0.223707974128344,0.126620201813692,0.728929548208086,0.1630683892914,0.163957399193203,0.158548008855416,0.165054038013116,0.919564880072572,0.310439171605241,0.606884752902748,0.550053403785912,0.362003468872139,0.647698101091745,0.630690923400785,0.847961240542709,0.101227186014444,0.64002111001612,7.33082382246082
"63",0.721167883211679,0.333541666666667,0.850593634640327,0.378980957049769,0.475461965193071,0.154088077079083,0.210567204973564,0.352666421824828,0.164628668449345,0.650043202456203,0.195148064144546,0.203826624301908,0.176023337816206,0.190357958590989,0.876527847763137,0.292737532266433,0.877904049245443,0.526921807140715,0.317135907622434,0.701597321548165,0.688223207687459,0.860910942144298,0.156603505128846,0.593757751557984,9.30597383141917
"64",0.773722627737226,0.416666666666667,0.660431008680036,0.519563149211902,0.479348913306653,0.11111927618456,0.277366761293423,0.744347826086958,0.314364590792828,0.348126930288811,0.394841829434437,0.320202816531853,0.599818515377029,0.503646687707014,0.938285166651991,0.561372853763049,0.69117923890508,0.491195886024255,0.262785527439085,0.533900566664833,0.835927227455274,0.993138705331537,0.827084987371009,1,12.3834588291877
"65",0.728467153284672,0.19625,0.803402174997506,0.291487138669525,0.395809224542113,0.0459963557433484,0.113929257029995,0.459256824013955,0.1920986205517,0.643992391884178,0.523673340097674,0.51661618023112,0.504069208285796,0.51487503009087,0.887961840037368,0.533769589583054,0.537660721661458,0.56045195216807,0.333152133949896,0.659942584981631,0.692859652220554,0.866838996922457,0.599035906893659,0.63362600334484,10.9448162546219
"66",0.795620437956204,0.286875,0.77890851042602,0.540607563757082,0.65398323299654,0.0224363590390906,0.17863814067034,0.393086093201814,0.220352903644996,0.306219935820207,0.316791056672542,0.302993908660648,0.21293801964935,0.210871709190395,0.685714607511711,0.553226318928718,0.522397617124166,0.880212982745865,0.511337639410519,0.710306150905775,0.542241980254422,0.518868230022032,0.252831327420792,0.442469751203234,9.50265306800143
"67",0.769343065693431,0.224166666666667,0.799760550733313,0.341878558037153,0.492176884069945,0.0873622528069828,0.113931203049218,0.331959402561719,0.250346219580981,0.425038908092277,0.23813469758138,0.233860672075018,0.249436848858739,0.253629197748671,0.996698715300268,0.29590495427803,0.934709801780263,0.485067470202788,0.267139433512316,0.651295661465113,0.827115740837718,0.969348172840765,0.490594111038818,0.689511033548829,9.63824471121791
"68",0.643795620437956,0.205833333333333,0.908909508131298,0.07297536649375,0.352541805745629,0.163091861193633,0.034631564995653,0.267037452983224,0.128448019022791,0.317807592081581,0.291066220043596,0.324853079889391,0.197232182230586,0.227917191618018,0.73953498735645,0.118405174272611,0.742427163485978,0.45289484860015,0.249421123302931,0.608097776315246,0.912825928212195,0.853574041337196,0.0778521437888911,0.446055873003231,7.29521067173953
"69",0.601459854014599,0.250625,0.792876384316073,0.0713561769504085,0.41662934138863,0.233487214723882,0.0651449170209696,0.349262305784046,0.0979855590683501,0.154696103926873,0.410080590053877,0.399253960080632,0.238578595213396,0.240500297603965,0.502713133664013,0.142453242777562,0.599271965690361,0.576929336517243,0.281706352835685,0.679345011146914,0.838314351620881,0.775062258408102,0.0754965394797592,0.382970702324603,7.50932314851562
"70",0.721167883211679,0.135833333333333,0.806495061358874,0.163119679053288,0.324085840535735,0.0277903595737656,0.00167746583250522,0.216581653307423,0.125412512840304,0.131728011004386,0.117894159095203,0.116753131399213,0.131269075371869,0.134599298632397,0.710543153833141,0.25362543754875,0.890449810587485,0.487248166897083,0.340519478786517,0.601178501132649,0.940843345878535,0.78620138489779,0.084388405205089,0.73294844027725,6.37615728696837
"71",0.8,0.167708333333333,0.389404369949117,0.0842230131189017,0.11013507522837,0.108914944154658,0.00883999271587368,0.160592842737212,0.0983954837609116,0.102239833655352,0.134439472270583,0.0642838909981117,0.100429460573248,0.0497210863978421,0.62933144891831,0.194645813754462,0.784441878509542,0.748891594855033,0.246013459180801,0.649772247760212,1,0.922291027063005,0.040882205152225,0.491742357417799,5.28574507023563
"72",0.677372262773723,0.171458333333333,0.771774917689314,0.153946514244062,0.394981433045943,0.523104816175045,0.0171347314480404,0.420405939975178,0.117056828344946,0.0282746704116322,0.444182327199579,0.420946081721574,0.269963292099187,0.264895166618033,0.410982444653167,0.140944592551373,0.515810972621214,0.598001244538426,0.424143609476041,0.620446533986895,0.618247797855012,0.543773891282143,0.0871675107064409,0.400079895682576,7.49173724749919
"73",0.830656934306569,0.1725,0.769979048189165,0.686087705413062,0.0616931709813415,0.512548290585199,0.0106361025098328,0.474606342869819,0.110400385470653,0.138929794433039,0.480071233917518,0.453898897122015,0.234320875186817,0.229386865510783,0.43622085811077,0.307940132394863,0.700960472442322,0.554286188711096,0.494230484541197,0.527166460131224,0.554352770950406,0.612833983505141,0.0306145346873362,0.321298416412322,7.92901762186742
"74",0.858394160583942,0.282291666666667,0.745435498353786,0.657591794756013,0.17806921044749,0.439056367172759,0.00893140919791038,0.544354666324659,0.233320457475539,0.496192113667091,0.789351853119526,0.722528927483312,0.423720001819379,0.401575948955856,0.199828261167751,0.411616108753761,0,0.658036991904499,0.469392090914253,0.611933438148865,0.362649574171477,0.396375696477237,0.151357287306481,0.353355308786285,8.71909499549508
"75",0.718248175182482,0.416666666666667,0.790382121121421,0.62548629527208,1,0.0835067123302338,0.428931931676186,0.420854387621007,0.117686860498285,0.155121165868278,0.50849094590126,0.493508762441627,0.267769873266282,0.269077558954207,0.714933760325238,0.276164443484433,0.698679628527346,0.452707486050025,0.249317937811063,0.506538505275523,0.845689949393222,0.864421504255941,0.298097732427494,0.346642474782687,10.0543247539739
"76",0.689051094890511,0.335208333333333,0.807343110845056,0.234892341351135,0.234247197224697,0.558352700430102,0.211290841874215,0.418987531128184,0.119725482669875,0.122591669781698,0.421651240012048,0.418009413069218,0.282432734824015,0.28990241519578,0.852533374401959,0.19049217731494,0.773248915316617,0.371455691616167,0.229298728530814,0.489158814816508,0.895889610897976,0.911560340693274,0.0571506719052749,0.440925217100695,8.66959706905575
"77",0.87007299270073,0.125625,0.95250922877382,0.0313057890027522,0.0309499062954789,0.0188135926374973,0.00216835472899926,0.0406214705352003,0.0423271664684515,0.130495286730142,0.0623003188025913,0.0728675214221549,0.040191878586767,0.0486727804741377,0.816236508964207,0.250705515609472,0.721447718464124,0.585776686447584,0.371419772637759,0.891385940364244,0.915595358479074,0.952412634449191,0.017839236499546,0.4246697482023,4.74525260108552
"78",0.851094890510949,0.197083333333333,0.795420532774618,0.0781656269516604,0.154443185926154,0.189735494729254,0.0100352408430128,0.425861879666231,0.168117668927812,0.656192072459979,0.220700855229114,0.215563561202342,0.205192891233019,0.20750939625233,0.850176111998269,0.426130872663843,0.7570760367215,0.588344726730992,0.349732569313665,0.845555226428465,0.835350355004308,0.982453919470521,0.139768965852165,0.612014318230226,8.44345717002681
"79",0.842335766423358,0.131875,1,0.0340022889672148,0.111680404282712,0.0333519812444243,0.00144816207999047,0.113227513227516,0.0936805036302593,0.186562422864893,0.0759075193956986,0.0932093190692909,0.0579306817584712,0.0736524669582238,0.601641569127457,0.418006376875684,0.318498802076177,0.953939855720566,0.587021756487764,0.971158133337188,0.76943226208132,0.785241497552852,0.0407312723060745,0.502373969354066,5.52573670972955
"80",0.829197080291971,0.137291666666667,0.738002594033722,0.0568316217700767,0.68541829662026,0.129541341408496,0.00250880764831306,0.329503243066383,0.332155802879075,0.640495087774099,0.301446303702722,0.273175903030816,0.297429050018271,0.2790743556777,0.437739315363378,0.687071374233796,0.090619419214589,1,0.671969753447011,0.937289034233758,0.593125636772194,0.624671356818774,0.29790798881874,0.649496341215788,8.89480488652051
